;text;SDG1;SDG2;SDG3;SDG4;SDG5;SDG6;SDG7;SDG8;SDG9;SDG10;SDG11;SDG12;SDG13;SDG14;SDG15;SDG16;SDG17
0;This week s SDG Knowledge Weekly reviews publications launched around the 2019 World Circular Economy Forum  which convened from 3 5 June in Helsinki  Finland  on the themes of a fair and just transition  impactful investments  and progressive governance ;0;0;0;0;0;0;0;0;0;0;1;1;0;0;0;0;1
1;The SDG Knowledge Hub s June monthly forecast elaborates on many of the elements on which this brief is based  particularly plastic pollution ;0;0;0;0;0;0;0;0;0;0;1;1;0;0;0;0;1
2;An SDG Knowledge Hub write up highlights a refrain from the WCEF  that we must shift to  living instead of consuming   and notes that many participants called for an in depth assessment of the main barriers to the circular economy transition ;0;0;0;0;0;0;0;0;0;0;1;1;0;0;0;0;1
3;Several reports and articles offer examples of how to  live  in transition to a circular economy at regional  national and local levels ;0;0;0;0;0;0;0;0;0;0;1;1;0;0;0;0;1
4;A study highlighted at a Sitra organized side event models how a circular economy will affect jobs and employment opportunities in Finland ;0;0;0;0;0;0;0;0;0;0;1;1;0;0;0;0;1
5;The study finds that six main sectors buildings  textiles  food production  mining  forestry and electronics all are well suited to a shift towards circular economy  though each will face different challenges and opportunities ;0;0;0;0;0;0;0;0;0;0;1;1;0;0;0;0;1
6;The full results of the research will be released later in 2019  and will include suggestions for how other governments can help workers find inclusive  circular employment ;0;0;0;0;0;0;0;0;0;0;1;1;0;0;0;0;1
7;On the margins of the WCEF  the Asia Europe Environment Forum launched a publication titled   Closing the loop  ASEM s transition towards achieving a circular economy   which is a product of the Asia Europe Meeting  ASEM  research on SDG 12  responsible production and consumption  ;0;0;0;0;0;0;0;0;0;0;1;1;0;0;0;0;1
8;The paper provides a bird s eye view of how ASEM partner countries can approach implementation of SDG 12  including integration of the Goal s targets into national strategies  target setting and translation  and monitoring activities ;0;0;0;0;0;0;0;0;0;0;1;1;0;0;0;0;1
9;Key messages highlight the importance of public procurement practices  the broader role of governments and businesses  and considerations for choosing indicators and metrics against which progress will be measured ;0;0;0;0;0;0;0;0;0;0;1;1;0;0;0;0;1
10;Information on circular economy strategies in partner countries  national development strategies is available in the paper s annex  along with relevant sectoral strategies  and identified targets and indicators that link to SDG 12 ;0;0;0;0;0;0;0;0;0;0;1;1;0;0;0;0;1
11;Information on the launch event is available here ;0;0;0;0;0;0;0;0;0;0;1;1;0;0;0;0;1
12;Also on procurement  the Recycling Council of Ontario hosted the Circular Procurement Summit from 11 13 June 2019  on the theme of advancing the circular economy through public sector purchasing ;0;0;0;0;0;0;0;0;0;0;1;1;0;0;0;0;1
13;A T20 policy brief authored by researchers the Institute for Global Environmental Strategies  IGES  and the University of Tokyo outlines six proposals for Group of 20  G20  countries on policies to mainstream circular economy and society ;0;0;0;0;0;0;0;0;0;0;1;1;0;0;0;0;1
14;The proposals underscore the need to  1  capture the momentum raised by public attention on marine plastic pollution  2  raise the level of ambition of extended producer responsibility  EPR   3  provide policy support for circular economy business models  4  promote regional circulating and ecological spheres to enhance bottom up initiatives at local level  5  enhance international policy coordination and harmonization for circular economy and society  and 6  incorporate planetary boundaries into the indicators of circular economy and society ;0;0;0;0;0;0;0;0;0;0;1;1;0;0;0;0;1
15;For each proposal  the brief provides a rationale and suggested means of implementation ;0;0;0;0;0;0;0;0;0;0;1;1;0;0;0;0;1
16;Chatham House calls on donors to support circulate economy as an industrial development strategy ;0;0;0;0;0;0;0;0;0;0;1;1;0;0;0;0;1
17;The Ministry of Environment of Japan and IGES released a synthesis report following the G7 Alliance on Resource Efficiency  covering both the Toyama Framework on Material Cycles  2016  and the Five year Bologna Roadmap  2017  adopted at G7 Environment Ministers  Meetings ;0;0;0;0;0;0;0;0;0;0;1;1;0;0;0;0;1
18;The report compiles policies and actions that contribute to resource efficiency  circular economy and sustainable materials management  in the areas of plastics  food waste  green public procurement  extension of products  lifecycles  EPR  and industrial symbiosis ;0;0;0;0;0;0;0;0;0;0;1;1;0;0;0;0;1
19;It notes actions that can be taken by the private sector  local governments and cities  and jointly by public private partnerships  PPPs   and internationally through cooperation ;0;0;0;0;0;0;0;0;0;0;1;1;0;0;0;0;1
20;On plastic pollution and recycling practices at national and regional level  a previously released IGES policy brief offers proposals to strengthen Japan s domestic and regional cooperation  particularly in the context of China s restriction on imports of plastic scrap ;0;0;0;0;0;0;0;0;0;0;1;1;0;0;0;0;1
21;The brief reviews trends and issues pertaining to international material recycling routes for plastic scrap exported from Japan ;0;0;0;0;0;0;0;0;0;0;1;1;0;0;0;0;1
22;The brief highlights that recycling routes have shifted from China to Southeast and other East Asian countries  and risks of pollution in these countries have escalated as a result ;0;0;0;0;0;0;0;0;0;0;1;1;0;0;0;0;1
23;The authors recommend that policymakers in Asian countries develop uniform  standardized and transparent trade standards for plastic scrap in the region  and that policymakers in Japan work to ensure accurate data collection to inform and expand domestic plastic scrap processing and recycling within the country ;0;0;0;0;0;0;0;0;0;0;1;1;0;0;0;0;1
24;The dynamics among countries within a region at varying levels of development adds complexity to plastics  recycling  and broader issues of circularity ;0;0;0;0;0;0;0;0;0;0;1;1;0;0;0;0;1
25;A report by Chatham House explores opportunities to coordinate regional trade policies and investment programs to rapidly scale up the circular economy in the developing world ;0;0;0;0;0;0;0;0;0;0;1;1;0;0;0;0;1
26;Among its recommendations  the paper calls on  national governments to identify synergies between a circular economy and existing development plans  rather than develop a separate  circular economy strategy   donors to support circular economy as an industrial development strategy  international institutions and regional fora to engage in knowledge sharing and support  and the EU and China  under the auspices of their MoU  to establish deeper dialogues with developing countries ;0;0;0;0;0;0;0;0;0;0;1;1;0;0;0;0;1
27;A write up of the report is also available on BusinessGreen ;0;0;0;0;0;0;0;0;0;0;1;1;0;0;0;0;1
28;Also focusing on the regional levels  the first Great Lakes Circular Economy Forum is being convened from 25 26 June 2019  in Toronto  Canada  by the UN Environment Programme North America  the City of Toronto  and the Council of the Great Lakes Region ;0;0;0;0;0;0;0;0;0;0;1;1;0;0;0;0;1
29;The forum aims to apply the circular economy to North America s Great Lakes region  highlight the roles of government and business   industry in advancing circular engagement  and address cross cutting themes of equity and social inclusion  the roles of technology and big data  investment challenges and opportunities  and the role of First Nations and indigenous peoples ;0;0;0;0;0;0;0;0;0;0;1;1;0;0;0;0;1
30;At the local;0;0;0;0;0;0;0;0;0;0;1;1;0;0;0;0;1
31;ity level  a report and blog from Circle Economy describe how Prague  Czech Republic can begin its  circular transition   The study  conducted with INCIEN  identifies areas of opportunity to kick start circularity  noting that households  the construction sector and waste management systems offer key starting points ;0;0;0;0;0;0;0;0;0;0;1;1;0;0;0;0;1
32;The report conducts a material flow analysis for each area  and provides an action plan  such as deconstruction criteria for the construction sector and waste biomass to bio based compressed natural gas  CNG  in the utilities sector ;0;0;0;0;0;0;0;0;0;0;1;1;0;0;0;0;1
33;The project and the associated action plans have informed the development of several pilot initiatives in Prague  including the use of biogas ;0;0;0;0;0;0;0;0;0;0;1;1;0;0;0;0;1
34;C40 Cities published a compilation of case studies on municipality led circular economy transitions  in partnership with the Climate KIC Circular Cities Project in December 2018 ;0;0;0;0;0;0;0;0;0;0;1;1;0;0;0;0;1
35;The Ellen MacArthur Foundation released a  Circular Economy in Cities  project guide with Arup in March 2019 ;0;0;0;0;0;0;0;0;0;0;1;1;0;0;0;0;1
36;In the corporate world  a variety of solutions  case studies and innovative examples have gained attention ;0;0;0;0;0;0;0;0;0;0;1;1;0;0;0;0;1
37;These include Unilever s efforts to boost recyclability of its packaging  Dell s development of  pollution ink  that utilizes soot captured from diesel generators  Nike s principles of circular design  summarized on Sustainable Brands here   and a new 3R Initiative launched by Danone  Veolia  Nestl  and Tetra Pak aimed at standardizing and accelerating corporate action on plastics ;0;0;0;0;0;0;0;0;0;0;1;1;0;0;0;0;1
38;For readers interested in hearing more on circular economy from a business perspective  GreenBiz is hosting Circularity 19 from 18 20 June 2019  in Minneapolis  Minnesota  US ;0;0;0;0;0;0;0;0;0;0;1;1;0;0;0;0;1
39;Select sessions and interviews will be livestreamed via Circularity Virtual ;0;0;0;0;0;0;0;0;0;0;1;1;0;0;0;0;1
40;In addition  a GreenBiz Insights report on circular economy trends is available for download  as is a separate  edie explains  guide on achieving circularity ;0;0;0;0;0;0;0;0;0;0;1;1;0;0;0;0;1
41;An IISD video titled   Green Economy   A Sustainable Relationship  presents programmes that the EU has implemented in partnership with the UN Environment Programme  on circular economy and related topics ;0;0;0;0;0;0;0;0;0;0;1;1;0;0;0;0;1
42;Additional issues of the SDG Knowledge Weekly can be found here ;0;0;0;0;0;0;0;0;0;0;1;1;0;0;0;0;1
43;The Government of Tuvalu has published the second annual review of the implementation status of the country s Integrated Waste Policy and Action Plan 2017 2026 ;0;0;0;0;0;0;0;0;0;0;0;1;0;0;0;0;1
44;The 2019 Annual Review reports that despite implementation challenges  there is evidence of  significant progress  in several areas  including waste management ;0;0;0;0;0;0;0;0;0;0;0;1;0;0;0;0;1
45;The  Tuvalu Integrated Waste Policy and Action Plan 2017 2026  is the main national policy framework to guide the management of waste in the country with the vision of having  A Cleaner and Healthier Tuvalu for today and future generations  ;0;0;0;0;0;0;0;0;0;0;0;1;0;0;0;0;1
46;The Policy and Action Plan acknowledges that its development is a  timely response to the significant changes happening in the waste sector in the Pacific Region and globally   These changes include an increase in waste generated on the islands that has come about due to a proliferation of consumption of  more wasteful imported products   according to the Plan ;0;0;0;0;0;0;0;0;0;0;0;1;0;0;0;0;1
47;Excess waste presents a significant challenge  considering the  extremely limited land mass  of atoll countries such as Tuvalu  ;0;0;0;0;0;0;0;0;0;0;0;1;0;0;0;0;1
48;The Policy and Action Plan  endorsed by the Government of Tuvalu in 2016  consists of six goals ;0;0;0;0;0;0;0;0;0;0;0;1;0;0;0;0;1
49;The last goal of the Policy and Action Plan is achieved  in part  through the conduct of annual reviews of the implementation status of the Integrated Waste Policy and Action Plan ;0;0;0;0;0;0;0;0;0;0;0;1;0;0;0;0;1
50;Since 2016  two annual reviews have been conducted  The latest one was released in May 2019  and covers the period from January 2018 to March 2019 ;0;0;0;0;0;0;0;0;0;0;0;1;0;0;0;0;1
51;The 2019 Annual Review reports that despite challenges to implementation of the Waste Policy and Action Plan  there is evidence of  significant progress  especially on goals two  three  and five due to the Department of Waste Management elevating these to the national level with the support of key stakeholders ;0;0;0;0;0;0;0;0;0;0;0;1;0;0;0;0;1
52;The report also outlines progress on achieving Key Performance Indicators  KPIs   such as  review existing waste related legislation and merge into one Act  develop specific regulations to support strict enforcement of the new waste legislation  allocate reasonable budget for waste services  implement public awareness programmes involving communities and schools in all waste service areas in the Tuvaluan language  reduce occupational and public health and safety incidents by 50   100  coverage of collection in the main island and at least 80  coverage of collection in the outer islands  and exploration and participation in information exchange programmes with other countries within and outside the region  ;0;0;0;0;0;0;0;0;0;0;0;1;0;0;0;0;1
53;Tuvalu is aiming to transform towards a circular economy as the country sees it as the only way to address the increasing amount of waste that ends up in landfills annually and to achieve SDG 12  responsible consumption and production  and Article 10  Disposal of Waste  of the Noumea Convention for the Protection of the Natural Resources and Environment of the South Pacific Region and Related Protocols ;0;0;0;0;0;0;0;0;0;0;0;1;0;0;0;0;1
54;To do so  Tuvalu is strengthening engagement with the private sector in order to explore opportunities to reduce the amount of disposable waste and to ensure that all recyclable waste is shipped overseas for proper treatment and processing ;0;0;0;0;0;0;0;0;0;0;0;1;0;0;0;0;1
55;Tuvalu is also actively engaged in the EU funded Pacific Waste Management Programme  PacWastePlus   implemented by the Secretariat of the Pacific Regional Environment Programme  SPREP   to further strengthen the country s waste management ;0;0;0;0;0;0;0;0;0;0;0;1;0;0;0;0;1
56;This project especially focuses on e waste streams as a national waste priority  and provides technical assistance in Tuvalu s transition towards a circular economy ;0;0;0;0;0;0;0;0;0;0;0;1;0;0;0;0;1
57;The PacWastePlus programme  which is working with 14 Pacific countries and Timor Leste  has a strong focus on improving data collection  information sharing  and education and awareness ;0;0;0;0;0;0;0;0;0;0;0;1;0;0;0;0;1
58;The project also works with countries on developing and implementing policies and regulatory frameworks  implementing best practices to enhance private sector engagement and infrastructure development  and human capacity  ;0;0;0;0;0;0;0;0;0;0;0;1;0;0;0;0;1
59;Yet the 2019 Annual Review recognizes that the enforcement of government waste management related legislation  regulations  and policies is  generally weak   which is related to a lack public awareness and education programmes carried out thus far ;0;0;0;0;0;0;0;0;0;0;0;1;0;0;0;0;1
60;The report outlines emergent waste issues of importance for Tuvalu such as marine litter  healthcare waste  asbestos  and sewage and sludge ;0;0;0;0;0;0;0;0;0;0;0;1;0;0;0;0;1
61;To mitigate these emergent issues  the Annual Review recommends the incorporation in the refined action plan 2017 2021 of measures  including ;0;0;0;0;0;0;0;0;0;0;0;1;0;0;0;0;1
62;Finally  the Annual Review cautions that  due to the nature of the policy goals  it will take time to realize some of the impacts  particularly those related to the need to change people s attitudes to waste ;0;0;0;0;0;0;0;0;0;0;0;1;0;0;0;0;1
67;This story was made possible with funding support from the Government of Sweden through the UN Environment Programme and was developed with the Secretariat of the Pacific Regional Environment Programme  SPREP  using the Pacific Environment Portal  which enables users to find  access and use regional and national data ;0;0;0;0;0;0;0;0;0;0;0;1;0;0;0;0;1
68;The portal has been developed by the regional UNEP GEF Inform project executed by SPREP  which has established national environment data portals in 14 Pacific island countries to help address the challenges of storing and accessing data ;0;0;0;0;0;0;0;0;0;0;0;1;0;0;0;0;1
69;The online database of information and datasets aims to help improve decision making and reporting on the environment  ;0;0;0;0;0;0;0;0;0;0;0;1;0;0;0;0;1
70;Strengthened institutional systems to address gaps in waste management ;0;0;0;0;0;0;0;0;0;0;0;1;0;0;0;0;1
71;The stakeholders fully understand the merits of proper waste management and co share the responsibility of managing waste ;0;0;0;0;0;0;0;0;0;0;0;1;0;0;0;0;1
72;Establish strong public private partnerships  PPPs  in the delivery of waste services ;0;0;0;0;0;0;0;0;0;0;0;1;0;0;0;0;1
73;Delivered waste services follow best practice and are cost effective ;0;0;0;0;0;0;0;0;0;0;0;1;0;0;0;0;1
74;Enhanced capacity of waste practitioners  and;0;0;0;0;0;0;0;0;0;0;0;1;0;0;0;0;1
75;Waste activity outcomes are reported and disseminated to relevant stakeholders ;0;0;0;0;0;0;0;0;0;0;0;1;0;0;0;0;1
76;Enforcement of law on illegal dumping along the coastline ;0;0;0;0;0;0;0;0;0;0;0;1;0;0;0;0;1
77;Regular monitoring of ships  compliance with waste management standards ;0;0;0;0;0;0;0;0;0;0;0;1;0;0;0;0;1
78;Enforcement of law on littering ;0;0;0;0;0;0;0;0;0;0;0;1;0;0;0;0;1
79;Putting in place a proper healthcare waste management system ;0;0;0;0;0;0;0;0;0;0;0;1;0;0;0;0;1
80;Public awareness and education on asbestos features and their locations in Tuvalu ;0;0;0;0;0;0;0;0;0;0;0;1;0;0;0;0;1
81;Installation of a proper treatment system for sewage and sludge  and;0;0;0;0;0;0;0;0;0;0;0;1;0;0;0;0;1
82;Women groups taking the lead on addressing illegal dumping and littering problems ;0;0;0;0;0;0;0;0;0;0;0;1;0;0;0;0;1
83;The Secretariat of the Pacific Regional Environment Programme  SPREP  has reported on progress in waste management in Pacific island countries made under the Moana Taka Partnership ;0;0;0;0;0;0;0;0;0;0;0;1;0;0;0;0;1
84;Since its launch in March 2018  approximately 686 tonnes of waste have been shipped from eligible Pacific islands and territories for treatment and recycling in suitable ports in the Asia Pacific region ;0;0;0;0;0;0;0;0;0;0;0;1;0;0;0;0;1
85;The Partnership between SPREP and the China Navigation Company  CNCo   also known as SWIRE Shipping  allows for CNCo vessels to carry  free of charge  containers of recyclable waste from eligible ports in Pacific island countries and territories that have insufficient or inappropriate landfill space to store waste  have inadequate waste treatment facilities  and lack financial capacity to ship recyclable waste ;0;0;0;0;0;0;0;0;0;0;0;1;0;0;0;0;1
86;Kosi Latu  Director General of SPREP  has described the Moana Taka Partnership as a  paddle in the right direction  towards tackling the  immense waste management challenge  in Pacific islands ;0;0;0;0;0;0;0;0;0;0;0;1;0;0;0;0;1
87;The focus of the Partnership is on non commercial waste streams and the types of materials that are considered recyclable  including plastics  aluminum cans  waste oil  and ozone depleting substances ;0;0;0;0;0;0;0;0;0;0;0;1;0;0;0;0;1
88;Twenty one Pacific island countries and territories are eligible to participate in the scheme ;0;0;0;0;0;0;0;0;0;0;0;1;0;0;0;0;1
89;Examples of shipments of recyclable waste made thus far include  six containers of scrap metal from Samoa and Papua New Guinea  nine containers of plastic waste from Fiji  three containers of used oil from the Marshall Islands  and 16 containers of varied waste contents from Fiji ;0;0;0;0;0;0;0;0;0;0;0;1;0;0;0;0;1
90;The Partnership contributes to implementation of the Pacific Regional Waste and Pollution Management Strategy 2016 2015   Cleaner Pacific 2025   a  comprehensive long term strategy for integrated sustainable waste management and pollution prevention and control in the Pacific islands region until 2025   Priority areas for management outlined in the Strategy include municipal solid waste  asbestos  electrical and electronic waste  e waste   healthcare waste  chemicals  such as persistent organic pollutants  POPs   ozone depleting substances  and mercury   used oil and lubricants  marine litter  ship sourced pollution  disaster waste  and liquid waste  such as sewage and trade waste  ;0;0;0;0;0;0;0;0;0;0;0;1;0;0;0;0;1
91;As such  the initiative forms an important contribution towards achieving SDG 12  responsible consumption and production  and Article 10  Disposal of Waste  of the Noumea Convention for the Protection of the Natural Resources and Environment of the South Pacific Region and Related Protocols  ;0;0;0;0;0;0;0;0;0;0;0;1;0;0;0;0;1
94;This story was made possible with funding support from the Government of Sweden through the UN Environment Programme  UNEP  and was developed with the Secretariat of the Pacific Regional Environment Programme  SPREP  using the Pacific Environment Portal  which enables users to find  access  and use regional and national data ;0;0;0;0;0;0;0;0;0;0;0;1;0;0;0;0;1
95;The portal has been developed by the regional UNEP GEF Inform project executed by SPREP  which has established national environment data portals in 14 Pacific island countries to help address the challenges of storing and accessing data ;0;0;0;0;0;0;0;0;0;0;0;1;0;0;0;0;1
96;The online database of information and datasets aims to help improve decision making and reporting on the environment  ;0;0;0;0;0;0;0;0;0;0;0;1;0;0;0;0;1
97;Work on Plastic Pollution and Environmentally Sustainable Plastic Trade moved ahead this week in an informal dialogue convened by China and Fiji in the margins of the November meeting of the World Trade Organization s  WTO  Committee on Trade and Environment  CTE  ;0;0;0;0;0;0;0;0;0;0;0;1;0;0;0;0;1
98;The event was part of the WTO Trade and Environment Week ;0;0;0;0;0;0;0;0;0;0;0;1;0;0;0;0;1
99;The event launched an  open ended informal dialogue  among interested WTO members  with the early support of Australia  Barbados  Canada  China  Fiji  and Morocco ;0;0;0;0;0;0;0;0;0;0;0;1;0;0;0;0;1
100;The informal dialogue aims to complement existing international processes and to  explore how improved trade cooperation  within the rules and mechanisms of the WTO  could contribute to domestic  regional  and global efforts to reduce plastics pollution and transition to a more circular and environmentally sustainable global plastics economy    It will do so by  improving transparency  monitoring trade trends  promoting best practices  strengthening policy coherence  identifying scope for collective approaches   assessing capacity and technical assistance needs  and through cooperation with other international efforts on the topic ;0;0;0;0;0;0;0;0;0;0;0;1;0;0;0;0;1
101;Zhang Xiangchen  Ambassador of China to the WTO  underlined the urgency of tackling the plastic pollution problem  and linked the initiative to broader efforts to ensure the WTO remains a relevant forum for trade policy work in the 21st century ;0;0;0;0;0;0;0;0;0;0;0;1;0;0;0;0;1
102;He said the plastics initiative is  a tangible sign of WTO reform in action  ;0;0;0;0;0;0;0;0;0;0;0;1;0;0;0;0;1
103;Nazhat Shameem Khan  Ambassador of Fiji to the WTO and Chair of the meeting  called plastic pollution  one of the greatest threats to sustainable development   She noted the imperative of promoting coherent policies to address environmental concerns  ;0;0;0;0;0;0;0;0;0;0;0;1;0;0;0;0;1
104;Presentations by WTO Deputy Director General Alan Wolff and Aik Hoe Lim  Director of the WTO Trade and Environment Division  noted the broad level of interest among members in plastics trade and plastics pollution   a topic Wolff said had been raised at every CTE meeting since November 2016 ;0;0;0;0;0;0;0;0;0;0;0;1;0;0;0;0;1
105;Lim noted that members are already using the WTO s mechanisms to increase transparency of plastics related trade measures  some 128 have been notified to the WTO  80  of which are notifications by developing or least developed country  LDC  members ;0;0;0;0;0;0;0;0;0;0;0;1;0;0;0;0;1
106;Most of these measures  Lim explained  relate to technical regulations and standards governing plastic products ;0;0;0;0;0;0;0;0;0;0;0;1;0;0;0;0;1
107;Wolff pointed to several options for coordinated global action that could be pursued at the WTO  including the possibility of reviving negotiations on environmental goods to increase access to environmentally sound plastics and waste management technology  among other things ;0;0;0;0;0;0;0;0;0;0;0;1;0;0;0;0;1
108;He also suggested members consider defining principles for coherent and effective trade policy around plastics and plastic waste  monitoring policies and using the Aid for Trade initiative to support moves to a more circular plastics economy ;0;0;0;0;0;0;0;0;0;0;0;1;0;0;0;0;1
109;Steven Stone  Chief of Resources and Markets Branch  UN Environment Programme  UNEP   described consistent support by UN Member States of UNEP s work on plastic pollution  through multiple resolutions of the UN Environment Assembly  UNEA   including capacity building work within countries to build more coherent policy frameworks ;0;0;0;0;0;0;0;0;0;0;0;1;0;0;0;0;1
110;The need for coherence was also underscored by Lim  who argued that work under the  WTO s competence can complement the work of environment agencies  ;0;0;0;0;0;0;0;0;0;0;0;1;0;0;0;0;1
111;A presentation by Carolyn Deere Birkbeck  Senior Researcher  Graduate Institute Geneva s Global Governance Centre  revealed that plastics are deeply embedded in the global economy  and present health  waste management  and other environmental challenges along their lifecycle ;0;0;0;0;0;0;0;0;0;0;0;1;0;0;0;0;1
112;Research by the Pew Charitable Trusts  she said  demonstrates the need for policy change across multiple areas  from reducing production to redesigning goods and improving waste management ;0;0;0;0;0;0;0;0;0;0;0;1;0;0;0;0;1
113;Deere Birkbeck highlighted governments  role in providing a policy environment  including on trade policy  that supports businesses to move economic activity  in the right direction   ;0;0;0;0;0;0;0;0;0;0;0;1;0;0;0;0;1
114;Kimberly Botwright  Community Lead  Global Trade and Investment  World Economic Forum  WEF   described work by the Forum on plastics and global trade  and outlined policies that could support a shift to a more circular economy ;0;0;0;0;0;0;0;0;0;0;0;1;0;0;0;0;1
115;These policies range from more cohesive standards for waste and plastic products to better information about the recycled plastics market  investment facilitation measures specific to plastics  plastic waste management  and improving compliance with the Basel Convention s rules  which will apply to a new set of plastic products from January 2021 ;0;0;0;0;0;0;0;0;0;0;0;1;0;0;0;0;1
116;Several heads of delegation to the WTO took the floor to underline the importance of the informal dialogue process  and to explain their delegations  views of its importance for sustainable development priorities ;0;0;0;0;0;0;0;0;0;0;0;1;0;0;0;0;1
117;Chad Blackman  Ambassador of Barbados to the WTO  argued that plastic pollution is a threat to his country s focus on building a sustainable blue economy  and as such presents a risk to growth in several economic sectors ;0;0;0;0;0;0;0;0;0;0;0;1;0;0;0;0;1
118;Omar Zniber  Ambassador of Morocco to the WTO  explained that his country faces 800 000 tonnes of plastic waste to deal with each year  only 25  of which it manages to recycle  and shared experiences regarding fiscal measures that can be applied to plastics  ;0;0;0;0;0;0;0;0;0;0;0;1;0;0;0;0;1
119;Cheryl Spencer  Ambassador of Jamaica to the WTO  described the initiative as  critically important   especially for small island developing States  SIDS  that are dependent on the natural environment for economic activity ;0;0;0;0;0;0;0;0;0;0;0;1;0;0;0;0;1
120;She said her country s own national regulation banning the use of some single use plastics in the food and beverage industry has already shown results and is gradually being expanded to other issues ;0;0;0;0;0;0;0;0;0;0;0;1;0;0;0;0;1
121;The informal dialogue process will focus first on opportunities to increase transparency around trade flows and trade policies relating to plastics  starting with a concept paper to outline the issues ;0;0;0;0;0;0;0;0;0;0;0;1;0;0;0;0;1
123;The Secretariat of the Pacific Regional Environment Programme  SPREP  has developed a State of the Environment  SoE  report for the Pacific islands  the first of its kind ;0;0;0;0;0;0;0;0;0;0;0;0;1;1;1;0;0
124;It reveals areas of progress as a result of conservation efforts  as well outstanding and newly emerging issues ;0;0;0;0;0;0;0;0;0;0;0;0;1;1;1;0;0
125;The report  which will be formally released on 29 April 2021  is titled   State of Environment and Conservation in the Pacific Islands  2020 Regional Report   SOEC  ;0;0;0;0;0;0;0;0;0;0;0;0;1;1;1;0;0
126;Readers can explore an online version or download it in its entirety from the SPREP website ;0;0;0;0;0;0;0;0;0;0;0;0;1;1;1;0;0
127;The report focuses on 31 indicators  based on a list of SPREP approved regional indicators  spanning seven thematic areas  environmental governance  land  coastal and marine  conservation and protection  biodiversity  atmosphere and climate  and built environment ;0;0;0;0;0;0;0;0;0;0;0;0;1;1;1;0;0
128;The SOEC contains an assessment of the trends and conditions of the environment to better inform decision making at the regional level ;0;0;0;0;0;0;0;0;0;0;0;0;1;1;1;0;0
129;The report builds on national SoE reports and other national reports and data  and uses in country cases as examples ;0;0;0;0;0;0;0;0;0;0;0;0;1;1;1;0;0
130;The report shows that the trend for establishing marine protected areas is good and improving  and while the establishment of terrestrial protected areas is poor  it is also seeing an upward trend ;0;0;0;0;0;0;0;0;0;0;0;0;1;1;1;0;0
131;Management of pelagic fisheries is good and stable  whereas areas related to marine pollution  invasive species  and protection of key biodiversity areas and species require urgent attention ;0;0;0;0;0;0;0;0;0;0;0;0;1;1;1;0;0
132;The report aims to aid efforts to provide accurate environmental reporting ;0;0;0;0;0;0;0;0;0;0;0;0;1;1;1;0;0
133;Specifically  information from the report will be used to identify regional successes and to assess progress against global commitments such as the SDGs  the Aichi targets  National Biodiversity Strategies and Action Plans  NBSAPs   and the Paris Agreement on climate change  as well as to identify where further efforts are needed ;0;0;0;0;0;0;0;0;0;0;0;0;1;1;1;0;0
134;SPREP Director General Kosi Latu described the goal of the report as  to ensure an accurate picture of the state of environment and conservation in the region  in order to  inform appropriate and sustainable actions to improve the state of environment and conservation   for the betterment of our Pacific peoples and community  ;0;0;0;0;0;0;0;0;0;0;0;0;1;1;1;0;0
135;The report s lead author is Tiffany Straza ;0;0;0;0;0;0;0;0;0;0;0;0;1;1;1;0;0
138;This policy brief was authored by Dina Hestad  Ph D   Thematic Expert for SDGs and Small Island Developing States ;0;0;0;0;0;0;0;0;0;0;0;0;1;1;1;0;0
139;This story was made possible with funding support from the Government of Sweden through the UN Environment Programme  UNEP  and was developed with the Secretariat of the Pacific Regional Environment Programme  SPREP  using the Pacific Environment Portal  which enables users to find  access  and use regional and national data ;0;0;0;0;0;0;0;0;0;0;0;0;1;1;1;0;0
140;The portal has been developed by the regional UNEP GEF Inform project executed by SPREP  which has established national environment data portals in 14 Pacific island countries to help address the challenges of storing and accessing data ;0;0;0;0;0;0;0;0;0;0;0;0;1;1;1;0;0
141;The online database of information and datasets aims to help improve decision making and reporting on the environment ;0;0;0;0;0;0;0;0;0;0;0;0;1;1;1;0;0
142;Papua New Guinea s  PNG  Government pre approved a 2019 report on the state of the environment in the country  which analyzes data on  and makes recommendations on how to improve  protected area conservation and management ;0;0;0;0;0;0;0;0;0;0;0;0;0;1;1;0;0
143;Along with ongoing work under several projects  the report contributes to efforts to improve the effectiveness of protected area management in PNG ;0;0;0;0;0;0;0;0;0;0;0;0;0;1;1;0;0
144;In 2020  59 protected areas have been formally registered by PNG s Conservation and Environment Protection Authority  CEPA  ;0;0;0;0;0;0;0;0;0;0;0;0;0;1;1;0;0
145;This is an improvement on the 57 protected areas analyzed in the 2017 assessment of management effectiveness of PNG s protected areas  prepared by the Secretariat of the Pacific Regional Environment Programme  SPREP   which concluded that PNG s management of protected areas  has remained patchy and problematic  ;0;0;0;0;0;0;0;0;0;0;0;0;0;1;1;0;0
146;Yet these efforts might not be enough for PNG to reach Aichi Target 11 to have 17  of terrestrial and inland water areas and 10  of coastal and marine areas protected by the end of 2020 ;0;0;0;0;0;0;0;0;0;0;0;0;0;1;1;0;0
147;Currently  there is a 9 86  shortfall for coastal and marine areas and a 13 04  shortfall for terrestrial and inland waters ;0;0;0;0;0;0;0;0;0;0;0;0;0;1;1;0;0
148;The PNG Policy on Protected Areas states that  over thousands of years  communities all over PNG have been conserving nature for cultural and spiritual reasons  while pursuing traditional livelihoods in these landscapes and seascapes   Today  customary landowners  which are the custodians of up to 97  of land in the country  recognize many areas of land and sea as areas of special spiritual importance known as  tambu  ;0;0;0;0;0;0;0;0;0;0;0;0;0;1;1;0;0
149;Overall  the 2017 assessment report found that the management effectiveness has not benefited from systemic improvement of on the ground delivery since 2006 when a similar study was conducted ;0;0;0;0;0;0;0;0;0;0;0;0;0;1;1;0;0
150;It found little to no progress in the management effectiveness for 65  of protected areas  some progress  high concern for 24   good progress  some concern for 5   and very good progress for only 5  ;0;0;0;0;0;0;0;0;0;0;0;0;0;1;1;0;0
152;The main weaknesses in how protected areas are managed relate to the lack of a protected area management agency or organization  which results in  almost total breakdown of the rule of law in most of the protected areas   A lack of paid protected area staff  equipment  support  infrastructure  planning  law enforcement and patrolling  community awareness and education  resource management activities  and visitor management are the reasons why protected area management is weak  according to the 2017 report ;0;0;0;0;0;0;0;0;0;0;0;0;0;1;1;0;0
153;Despite the many challenges  most protected areas still contain original values in good to very good condition  most customary landowners are supportive of the protected area approach  and models of effective interventions on the ground exist  and therefore  hope remains   the report found ;0;0;0;0;0;0;0;0;0;0;0;0;0;1;1;0;0
154;For example  customary landowners expressed support for their local protected areas in more than three quarters of the assessments carried out  with interest and support expressed for potential revitalization of almost all assessed protected areas ;0;0;0;0;0;0;0;0;0;0;0;0;0;1;1;0;0
155;Given that PNG retains an extraordinary level of biodiversity of international significance   efforts in conservation can yield very rewarding results   especially if action is taken soon  both nationally and in collaboration with development partners  according to the 2017 report ;0;0;0;0;0;0;0;0;0;0;0;0;0;1;1;0;0
156;An ambitious and comprehensive Protected Area Policy and implementation plan have been developed by CEPA and endorsed by the National Executive Council  NEC  ;0;0;0;0;0;0;0;0;0;0;0;0;0;1;1;0;0
157;Additionally  a new Protected Area Bill has been prepared by CEPA with a focus on revitalizing and increasing the effective management of protected areas ;0;0;0;0;0;0;0;0;0;0;0;0;0;1;1;0;0
158;These efforts and the wider policy context are oriented towards the involvement of and ownership by customary landowners ;0;0;0;0;0;0;0;0;0;0;0;0;0;1;1;0;0
159;Despite many large non governmental organizations  NGOs  withdrawing from PNG s protected areas  as per the 2017 report  there is  very high potential  for financial and logistical support for protected areas from the international community  once secure and effective investment options are developed ;0;0;0;0;0;0;0;0;0;0;0;0;0;1;1;0;0
160;The recently pre approved State of Environment  SOE  Report for PNG completed in 2019 highlights that only 4   2 5 million hectares  of the total land and seascape of PNG is allocated for protection  with 14 5 million hectares also of interest for conservation ;0;0;0;0;0;0;0;0;0;0;0;0;0;1;1;0;0
161;However  there is no clear legal national definition of protected areas in the country  which results in disputes surrounding how much of the country s land and seascapes are protected ;0;0;0;0;0;0;0;0;0;0;0;0;0;1;1;0;0
162;The SOE emphasizes that more work needs to be done to reach protected area targets ;0;0;0;0;0;0;0;0;0;0;0;0;0;1;1;0;0
163;It calls for strengthened environmental laws and regulations  sustainable financing  capacity building  enforcement and monitoring  and training to improve protected area management and its effectiveness ;0;0;0;0;0;0;0;0;0;0;0;0;0;1;1;0;0
164;There are several examples of development partners assisting in improving the management of protected areas in the country ;0;0;0;0;0;0;0;0;0;0;0;0;0;1;1;0;0
165;The five year PNG Biodiversity Program to protect PNG rich and at risk biodiversity  funded by USAID and implemented by Cardno International Development  is one of them ;0;0;0;0;0;0;0;0;0;0;0;0;0;1;1;0;0
166;Efforts will include reducing threats to PNG s rich biodiversity through a focus on customary lands and waters in key biodiversity areas ;0;0;0;0;0;0;0;0;0;0;0;0;0;1;1;0;0
167;The program will work in partnerships with The Nature Conservancy  the Wildlife Conservation Society  and the Woodland Park Zoo s Tree Kangaroo Conservation Program as well as with governments  the private sector  and communities to strengthen capacity  leverage resources  and increase knowledge for improved conservation  governance  and livelihood development ;0;0;0;0;0;0;0;0;0;0;0;0;0;1;1;0;0
168;Work is also currently underway by the UN Development Programme  UNDP   together with CEPA  under a Global Environment Facility  GEF  project to develop a sustainable finance mechanism for the protected area network in PNG  specifically through a Biodiversity Trust Fund ;0;0;0;0;0;0;0;0;0;0;0;0;0;1;1;0;0
169;It will assist communities to access funds to manage protected areas  improve their livelihoods  and build capacity ;0;0;0;0;0;0;0;0;0;0;0;0;0;1;1;0;0
174;This policy brief was authored by Dina Hestad  Ph D   Thematic Expert for SDGs and Small Island Developing States ;0;0;0;0;0;0;0;0;0;0;0;0;0;1;1;0;0
175;This story was made possible with funding support from the Government of Sweden through the UN Environment Programme  UNEP  and was developed with the Secretariat of the Pacific Regional Environment Programme  SPREP  using the Pacific Environment Portal  which enables users to find  access  and use regional and national data ;0;0;0;0;0;0;0;0;0;0;0;0;0;1;1;0;0
176;The portal has been developed by the regional UNEP GEF Inform project executed by SPREP  which has established national environment data portals in 14 Pacific island countries to help address the challenges of storing and accessing data ;0;0;0;0;0;0;0;0;0;0;0;0;0;1;1;0;0
177;The online database of information and datasets aims to help improve decision making and reporting on the environment  ;0;0;0;0;0;0;0;0;0;0;0;0;0;1;1;0;0
178;The UN General Assembly will soon mark the transition to its new session with a very unusual gathering of world leaders ;0;0;0;0;1;0;0;0;0;0;0;0;0;1;1;0;0
179;Heads of State and Government will exchange statements via pre recorded messages  played to a nearly empty General Assembly Hall ;0;0;0;0;1;0;0;0;0;0;0;0;0;1;1;0;0
180;The annual high level week will be an exercise in multilateralism devoid of its normal in person rituals  ;0;0;0;0;1;0;0;0;0;0;0;0;0;1;1;0;0
181;The official theme of the general debate  which begins 22 September  nods to the reason for the unprecedented changes   The future we want  the United Nations we need  reaffirming our collective commitment to multilateralism   confronting COVID 19 through effective multilateral action   Amid the ongoing global pandemic  governments agreed not to plan international travel for Heads of State or organize large events at UN Headquarters ;0;0;0;0;1;0;0;0;0;0;0;0;0;1;1;0;0
182;Instead  per a 22 July decision  74 562   the video statements will be played in the GA Hall after being introduced by a physically present representative of the country ;0;0;0;0;1;0;0;0;0;0;0;0;0;1;1;0;0
183;Governments can also choose to have a representative deliver the statement in the Hall ;0;0;0;0;1;0;0;0;0;0;0;0;0;1;1;0;0
184;The UNGA has authorized the pre recorded statements to have  an equal status as any statement made by any other representative who is physically present in the Assembly Hall  and to be included in the verbatim records ;0;0;0;0;1;0;0;0;0;0;0;0;0;1;1;0;0
185;Surrounding this 75th general debate  the UN s high level week also will feature other meetings conducted in a largely virtual format  including ;0;0;0;0;1;0;0;0;0;0;0;0;0;1;1;0;0
186;First SDG Moment;0;0;0;0;1;0;0;0;0;0;0;0;0;1;1;0;0
187;The SDG Moment will provide a high level  annual SDG check in  and snapshot of progress  rather than a comprehensive picture of implementation ;0;0;0;0;1;0;0;0;0;0;0;0;0;1;1;0;0
188;Building on the most recent session of the UN High level Political Forum on Sustainable Development  it will highlight shortfalls in implementation and investment  and showcase actions underway to get the 2030 Agenda back on track ;0;0;0;0;1;0;0;0;0;0;0;0;0;1;1;0;0
189;Leaders mandated the SDG Moment in their 2019 SDG Summit political declaration  The new annual event will take place as part of every UNGA high level week from 2020 to 2030 ;0;0;0;0;1;0;0;0;0;0;0;0;0;1;1;0;0
190;Each year  approximately 20 Heads of State and Government will address the gathering ;0;0;0;0;1;0;0;0;0;0;0;0;0;1;1;0;0
191;The proposed criteria for participation would require States to  be represented at the level of Head of State or Government  have completed at least one Voluntary National Review  VNR   and commit to discussing their implementation gaps as well as plans for filling those gaps ;0;0;0;0;1;0;0;0;0;0;0;0;0;1;1;0;0
192;The line up for each year must also ensure regional representation  gender balance  and representation of countries  different circumstances ;0;0;0;0;1;0;0;0;0;0;0;0;0;1;1;0;0
193;This first SDG Moment will take place over three hours on the morning of Friday  18 September  Most statements are expected to be delivered virtually  although a hybrid format is being considered ;0;0;0;0;1;0;0;0;0;0;0;0;0;1;1;0;0
194;UN s 75th Anniversary;0;0;0;0;1;0;0;0;0;0;0;0;0;1;1;0;0
195;The 75th anniversary of the founding of the UN will be celebrated with a one day  high level meeting of the UNGA on the theme   The Future We Want  the UN We Need  Reaffirming our Collective Commitment to Multilateralism  ;0;0;0;0;1;0;0;0;0;0;0;0;0;1;1;0;0
196;Leaders will adopt a declaration negotiated in advance and agreed in July 2020 ;0;0;0;0;1;0;0;0;0;0;0;0;0;1;1;0;0
197;The text contains 12 commitments  stating  we will  ;0;0;0;0;1;0;0;0;0;0;0;0;0;1;1;0;0
198;The SDG Knowledge Hub is providing ongoing coverage of the UN75 process ;0;0;0;0;1;0;0;0;0;0;0;0;0;1;1;0;0
199;Summit on Biodiversity;0;0;0;0;1;0;0;0;0;0;0;0;0;1;1;0;0
200;In 2018  the UNGA decided  A RES 73 234  to convene a summit on biodiversity  in support of a post 2020 global biodiversity framework that contributes to the 2030 Agenda for Sustainable Development and places the global community on a path towards realizing the 2050 Vision for Biodiversity  ;0;0;0;0;1;0;0;0;0;0;0;0;0;1;1;0;0
201;This meeting was expected to take place one month ahead of the 15th meeting of the Conference of the Parties to the Convention on Biological Diversity  CBD COP 15   in order to offer political direction and momentum for the future framework ;0;0;0;0;1;0;0;0;0;0;0;0;0;1;1;0;0
202;While the conclusion of the negotiations on the post 2020 global biodiversity framework and the CBD COP have been pushed to 2021  the event has taken on additional meaning   the COVID 19 pandemic has further highlighted the importance of the relationship between people and nature An investment in the health of our planet is an investment in our own future   the Summit s website notes ;0;0;0;0;1;0;0;0;0;0;0;0;0;1;1;0;0
203;Leaders  dialogues during the Summit will address two themes ;0;0;0;0;1;0;0;0;0;0;0;0;0;1;1;0;0
204;The concept note and summit programme were issued on 10 August 2020 ;0;0;0;0;1;0;0;0;0;0;0;0;0;1;1;0;0
205;Beijing 25 ;0;0;0;0;1;0;0;0;0;0;0;0;0;1;1;0;0
206;Twenty five years ago  governments gathered in Beijing  China  for the Fourth World Conference on Women  FWCW  ;0;0;0;0;1;0;0;0;0;0;0;0;0;1;1;0;0
207;They adopted a 38 paragraph declaration and a 129 page Platform for Action identifying 12  critical areas of concern   poverty  education and training  health  violence  armed conflict  economy  power and decision making  institutional mechanisms  human rights  media  environment  and the girl child ;0;0;0;0;1;0;0;0;0;0;0;0;0;1;1;0;0
208;At each five year mark since  governments have reviewed progress on these areas ;0;0;0;0;1;0;0;0;0;0;0;0;0;1;1;0;0
209;The 2020 review provided the first chance to assess progress in the context of the 2030 Agenda and SDGs  including SDG 5 on gender equality ;0;0;0;0;1;0;0;0;0;0;0;0;0;1;1;0;0
210;The appraisal in March 2020 was kept very short due to COVID 19  gathering only New York based representatives for one day to adopt a political declaration pointing to challenges still facing gender equality and women s empowerment 25 years on ;0;0;0;0;1;0;0;0;0;0;0;0;0;1;1;0;0
211;In his remarks to the March session of the Commission on the Status of Women  CSW   UN Secretary General Antonio Guterres observed that Beijing s vision  has been only partly realized   The consensus declaration adopted by the CSW also underlined the importance of gender equality to progress on all 17 SDGs ;0;0;0;0;1;0;0;0;0;0;0;0;0;1;1;0;0
212;Also leading to the high level commemoration in September  a multi stakeholder hearing convened in July 2020  The UNGA President s office is expected to release a summary ;0;0;0;0;1;0;0;0;0;0;0;0;0;1;1;0;0
213;The high level meeting on 1 October will focus on  Accelerating the realization of gender equality and the empowerment of all women and girls   The concept note indicates the plenary segment will focus on concrete actions to achieve this goal ;0;0;0;0;1;0;0;0;0;0;0;0;0;1;1;0;0
214;Side Events;0;0;0;0;1;0;0;0;0;0;0;0;0;1;1;0;0
215;The Assembly has encouraged Member States to hold all side events on virtual platforms to limit the number of people in UN Headquarters ;0;0;0;0;1;0;0;0;0;0;0;0;0;1;1;0;0
216;If the number of virtual side events organized around the July 2020 HLPF is a guide  the sustainable development community will have ample opportunities to exchange ideas on new initiatives and ongoing shared challenges  ;0;0;0;0;1;0;0;0;0;0;0;0;0;1;1;0;0
217;In particular  the 2020 edition of Global Goals Week will take place virtually from 18 26 September and focus on accelerating progress towards the SDGs amid threats from the COVID 19 pandemic  The week will include Global Goals Day on 25 September   the fifth anniversary of the day the Goals were adopted in 2015 ;0;0;0;0;1;0;0;0;0;0;0;0;0;1;1;0;0
218;Climate Week NYC 2020 organizers are planning events around ten thematic areas  Clean Energy Transition  Transport and Infrastructure  Industry and Built Environment  Finance  Investment and Jobs  Food and Land Use  Nature and Science  US and International Policy  Youth  Public Mobilization and Justice  Sustainable Travel and Tourism  and Climate Impacts and Adaptation  The week  21 27 September  will include some in person events in New York  but organizers have encouraged virtual events around the world to take place under its banner ;0;0;0;0;1;0;0;0;0;0;0;0;0;1;1;0;0
219;This policy brief was authored by Faye Leone  Senior Policy Advisor  SDG Knowledge Hub  IISD ;0;0;0;0;1;0;0;0;0;0;0;0;0;1;1;0;0
220;First annual SDG Moment  Friday  18 September;0;0;0;0;1;0;0;0;0;0;0;0;0;1;1;0;0
221;High level meeting of the UNGA to commemorate the UN s 75th anniversary  Monday  21 September;0;0;0;0;1;0;0;0;0;0;0;0;0;1;1;0;0
222;Summit on Biodiversity  30 September;0;0;0;0;1;0;0;0;0;0;0;0;0;1;1;0;0
223;High level meeting of the UNGA on the 25th anniversary of the Fourth World Conference on Women  Beijing 25   1 October;0;0;0;0;1;0;0;0;0;0;0;0;0;1;1;0;0
224;Leave no one behind ;0;0;0;0;1;0;0;0;0;0;0;0;0;1;1;0;0
225;Protect our planet ;0;0;0;0;1;0;0;0;0;0;0;0;0;1;1;0;0
226;Promote peace and prevent conflicts ;0;0;0;0;1;0;0;0;0;0;0;0;0;1;1;0;0
227;Abide by international law and ensure justice ;0;0;0;0;1;0;0;0;0;0;0;0;0;1;1;0;0
228;Place women and girls at the center ;0;0;0;0;1;0;0;0;0;0;0;0;0;1;1;0;0
229;Build trust ;0;0;0;0;1;0;0;0;0;0;0;0;0;1;1;0;0
230;Improve digital cooperation ;0;0;0;0;1;0;0;0;0;0;0;0;0;1;1;0;0
231;Upgrade the United Nations ;0;0;0;0;1;0;0;0;0;0;0;0;0;1;1;0;0
232;Ensure sustainable financing ;0;0;0;0;1;0;0;0;0;0;0;0;0;1;1;0;0
233;Boost partnerships ;0;0;0;0;1;0;0;0;0;0;0;0;0;1;1;0;0
234;Listen to and work with youth  and;0;0;0;0;1;0;0;0;0;0;0;0;0;1;1;0;0
235;Be prepared ;0;0;0;0;1;0;0;0;0;0;0;0;0;1;1;0;0
236;Biodiversity loss and mainstreaming biodiversity for sustainable development  and;0;0;0;0;1;0;0;0;0;0;0;0;0;1;1;0;0
237;Harnessing science  technology and innovation  capacity building  access and benefit sharing  financing and partnerships for biodiversity ;0;0;0;0;1;0;0;0;0;0;0;0;0;1;1;0;0
238;World Wildlife Day  WWD   held annually on 3 March  is meant to celebrate biodiversity and raise global awareness of our relationship with plants and animals  The event has never been timelier ;0;0;0;0;0;0;0;0;0;0;0;0;0;1;1;0;0
239;The rapidly spreading coronavirus is suspected to have jumped from the most trafficked species on Earth  pangolins   while the world s leading scientists have concluded that an anthropogenic driven crisis now threatens at least one million species with extinction  ;0;0;0;0;0;0;0;0;0;0;0;0;0;1;1;0;0
240;With the WWD convening under the theme   Sustaining all Life on Earth   has there ever been a more pressing time to draw attention to the links between humanity and the Earth s flora and fauna  Nature is waving warning flags ;0;0;0;0;0;0;0;0;0;0;0;0;0;1;1;0;0
241;There were some notable announcements on the Day ;0;0;0;0;0;0;0;0;0;0;0;0;0;1;1;0;0
242;Technology companies of the  Coalition to End Wildlife Trafficking Online  said they removed or blocked over three million listings for endangered and threatened species and associated products from their online platforms  to date ;0;0;0;0;0;0;0;0;0;0;0;0;0;1;1;0;0
243;The results were publicized as part of the report titled   Offline and in the Wild   produced by the World Wildlife Fund  WWF   TRAFFIC and International Fund for Animal Welfare  IFAW  led coalition   ;0;0;0;0;0;0;0;0;0;0;0;0;0;1;1;0;0
244;In partnership with the UN Environment Programme  UNEP   the Ocean Agency launched  Glowing Glowing Gone  a creative awareness campaign to bring attention to coral fluorescence due to climate change ;0;0;0;0;0;0;0;0;0;0;0;0;0;1;1;0;0
245;The campaign s press release instructs that corals fluoresce as a last line of defense before dying or bleaching  a phenomena made more common by warming seas ;0;0;0;0;0;0;0;0;0;0;0;0;0;1;1;0;0
246;The Ocean Agency worked with Pantone and Adobe to turn the warning colors of glowing coral into three official Pantone colors  to inspire action that everyone can use ;0;0;0;0;0;0;0;0;0;0;0;0;0;1;1;0;0
247;The Day also saw traditional and high level awareness raising ;0;0;0;0;0;0;0;0;0;0;0;0;0;1;1;0;0
248;The Ambassador of India to the UN in New York  the Head of the Delegation of the European Union to the UN  the CITES Secretary General  and the President of the Wildlife Conservation Society were among speakers at a high level event at UN Headquarters in New York  On the creative front  Jackson Wild  led the organization of the fifth iteration of a wildlife themed film festival with some 350 entries  and the International Fund for Animal Welfare held an international WWD youth art contest that featured youth artists  expressions of the Day s theme ;0;0;0;0;0;0;0;0;0;0;0;0;0;1;1;0;0
249;Just after the Day  UNEP announced that the theme of the fifth session of the UN Environment Assembly  UNEA  will be   Strengthening Actions for Nature to Achieve the Sustainable Development Goals   The session is set to take place from 22 26 February 2021 in Nairobi  Kenya ;0;0;0;0;0;0;0;0;0;0;0;0;0;1;1;0;0
250;Speaking on the UNEA theme  Sveinung Rotevatn  Norway s Minister of Climate and the Environment and President of the Assembly said   Nature is the solution we in many ways take for granted  but that we cannot afford to lose   Meanwhile  UN Secretary General  Ant nio Guterres  while addressing the WWD  pointed out that humanity seems to have  forgotten just how much we need nature for our survival and well being  ;0;0;0;0;0;0;0;0;0;0;0;0;0;1;1;0;0
251;As the UN dubbed  Super Year  crescendos towards global agenda setting meetings on oceans and a post 2020 biodiversity framework  events on World Wildlife Day highlighted that humanity needs to notice that glowing corals aren t the only thing signaling   Going   Going   Gone   ;0;0;0;0;0;0;0;0;0;0;0;0;0;1;1;0;0
252;The 2019 World Resources Forum took place from 24 27 February  in Antwerp  Belgium  on the theme  Closing Loops  Transitions at Work   This brief focuses on topics discussed at the Forum  including the transition to a circular economy through the lenses of cities and regions  food and bio based materials   industry 4 0   soils and land use  finance  climate policy  and waste and materials management  among other topics ;0;0;0;0;0;0;0;0;1;0;0;1;0;0;0;0;1
253;Launched at the World Economic Forum  WEF  in January 2019 by Circle Economy  this year s Circularity Gap Report notes that  of the 92 8 billion tonnes of biomass  fossil fuels  metals and minerals that enter the global economy annually  only nine percent are re used ;0;0;0;0;0;0;0;0;1;0;0;1;0;0;0;0;1
254;The report identifies four actions to bridge the gap  1  translating global trends to national  regional and commercial pathways  2  developing decision metrics and a measurement framework  3  facilitating peer to peer learning  and 4  building a global coalition for action ;0;0;0;0;0;0;0;0;1;0;0;1;0;0;0;0;1
255;A more detailed write up is available on the SDG Knowledge Hub ;0;0;0;0;0;0;0;0;1;0;0;1;0;0;0;0;1
256;Complementing a transition to circularity is the absolute reduction of materials use ;0;0;0;0;0;0;0;0;1;0;0;1;0;0;0;0;1
257;Tom Dowdall writes in an article on GreenBiz that  solving the plastic pollution crises requires focus on  responsibility   He argues that   by emphasizing recyclability and recycling over reduction and elimination of plastic waste  major companies are still ducking their responsibility to tackle plastic pollution   The solution  Dowdall notes  starts with transparency  builds to clear goals for absolute reduction  and must include regular progress reports ;0;0;0;0;0;0;0;0;1;0;0;1;0;0;0;0;1
258;Until such reductions are achieved  issues such as product packaging remain ;0;0;0;0;0;0;0;0;1;0;0;1;0;0;0;0;1
259;In a GreenBiz article  Scott Cassel outlines several steps on ways to  repackage packaging  including through extended producer responsibility  EPR  ;0;0;0;0;0;0;0;0;1;0;0;1;0;0;0;0;1
260;Cassel flags trade association pushback on recycling policies  and a need to shift the onus of packaging waste from taxpayers and governments to manufacturers  in order to incentivize the transition to a more circular system ;0;0;0;0;0;0;0;0;1;0;0;1;0;0;0;0;1
261;In a third article posted to GreenBiz  Joel Makower describes how  reuse  is making a comeback ;0;0;0;0;0;0;0;0;1;0;0;1;0;0;0;0;1
262;He notes that  the rise of the circular economy  has jumpstarted a nearly moribund culture of reuse   Leading the way  Makower explains  are services that seek to bring back the  milkman model  whereby products are delivered and picked up in refillable containers ;0;0;0;0;0;0;0;0;1;0;0;1;0;0;0;0;1
263;The article closes by flagging key players to watch  such as Loop and Walmart ;0;0;0;0;0;0;0;0;1;0;0;1;0;0;0;0;1
264;Cutting across the themes discussed in the three GreenBiz pieces is a recent initiative by furniture manufacturers exploring recycling and leasing models ;0;0;0;0;0;0;0;0;1;0;0;1;0;0;0;0;1
265;A Sustainable Brands piece describes Ikea s piloting of several initiatives  including the sale of used and rental furniture  as well as Loll Designs  work towards Cradle to Cradle certification  which scores products based on five categories of criteria  material health  material reutilization  renewable energy and carbon management  water stewardship and social fairness ;0;0;0;0;0;0;0;0;1;0;0;1;0;0;0;0;1
266;A fourth GreenBiz article describes Ikea s product as a service  PaaS  model  noting that  when companies capitalize on a product s performance rather than the volume of sales  they are incentivized to invest in durability instead of planning for obsolescence  ;0;0;0;0;0;0;0;0;1;0;0;1;0;0;0;0;1
267;A joint venture led by BNP Paribas Leasing Solutions and 3 Step IT is seeking to bring the PaaS model to the technology sector ;0;0;0;0;0;0;0;0;1;0;0;1;0;0;0;0;1
268;The two companies announced that they will offer complete management service for their technology equipment ;0;0;0;0;0;0;0;0;1;0;0;1;0;0;0;0;1
269;The initiative comes four years after an analysis by Trucost identified a multi billion dollar opportunity for advancing circular economy best practices in the electronics sector ;0;0;0;0;0;0;0;0;1;0;0;1;0;0;0;0;1
270;Also focusing on technology  a WEF paper co published with the Platform for Accelerating the Circular Economy  PACE  sets out a new vision for the electronics industry ;0;0;0;0;0;0;0;0;1;0;0;1;0;0;0;0;1
271;The report focuses primarily on electronic waste  e waste   noting that nearly 50 million tonnes are produced each year  and less than 20  is formally recycled ;0;0;0;0;0;0;0;0;1;0;0;1;0;0;0;0;1
272;The monetary value of this waste  the report notes  exceeds USD62 5 billion ;0;0;0;0;0;0;0;0;1;0;0;1;0;0;0;0;1
273;To increase the amount of e waste recycled and capture the value of the materials  WEF and PACE call for electronics to be designed with reuse and recycling in mind  as well as expanding e waste recovery systems to formally and safely employ people ;0;0;0;0;0;0;0;0;1;0;0;1;0;0;0;0;1
274;Linking technology and finance  a post by Simon Zadek  UN Development Programme  UNDP   on the Brookings Institution s Future Development blog asks whether fintech is  the solution  problem  or irrelevant   Emphasizing that digitalization is already changing today s economy from the way we purchase goods and services  to the goods and services themselves Zadek describes the promise and pitfalls of digital finance  as well as its uses and limitations ;0;0;0;0;0;0;0;0;1;0;0;1;0;0;0;0;1
275;For example  while digital finance platforms can crowdsource funding for distributed solar technologies  they risk excluding poor or high risk borrowers ;0;0;0;0;0;0;0;0;1;0;0;1;0;0;0;0;1
276;On food systems  Nick Jeffries  Ellen MacArthur Foundation  outlines five case studies in applying circular economy principles ;0;0;0;0;0;0;0;0;1;0;0;1;0;0;0;0;1
277;He notes that the industrial system produces only 30  of food  with the rest supplied by the smallholder farmer system   but it uses 70  of resources ;0;0;0;0;0;0;0;0;1;0;0;1;0;0;0;0;1
278;Jeffries identifies four levers towards a circular food economy  closing nutrient loops  recovering value from by products such as chemicals or energy potential  diversifying production and shorting supply chains  and leveraging the power of digital technology to better manage and allocate resources ;0;0;0;0;0;0;0;0;1;0;0;1;0;0;0;0;1
279;The case studies themselves demonstrate the successful application of technology to  recover nutrients from wastewater  alternative sources of livestock feed  urban farming  waste processing  and data systems ;0;0;0;0;0;0;0;0;1;0;0;1;0;0;0;0;1
280;Additional issues of the SDG Knowledge Weekly can be found here ;0;0;0;0;0;0;0;0;1;0;0;1;0;0;0;0;1
281;This week s SDG Knowledge Weekly reviews publications launched around the 2019 World Circular Economy Forum  which convened from 3 5 June in Helsinki  Finland  on the themes of a fair and just transition  impactful investments  and progressive governance ;0;0;0;0;0;0;0;0;0;0;1;1;0;0;0;0;1
282;The SDG Knowledge Hub s June monthly forecast elaborates on many of the elements on which this brief is based  particularly plastic pollution ;0;0;0;0;0;0;0;0;0;0;1;1;0;0;0;0;1
283;An SDG Knowledge Hub write up highlights a refrain from the WCEF  that we must shift to  living instead of consuming   and notes that many participants called for an in depth assessment of the main barriers to the circular economy transition ;0;0;0;0;0;0;0;0;0;0;1;1;0;0;0;0;1
284;Several reports and articles offer examples of how to  live  in transition to a circular economy at regional  national and local levels ;0;0;0;0;0;0;0;0;0;0;1;1;0;0;0;0;1
285;A study highlighted at a Sitra organized side event models how a circular economy will affect jobs and employment opportunities in Finland ;0;0;0;0;0;0;0;0;0;0;1;1;0;0;0;0;1
286;The study finds that six main sectors buildings  textiles  food production  mining  forestry and electronics all are well suited to a shift towards circular economy  though each will face different challenges and opportunities ;0;0;0;0;0;0;0;0;0;0;1;1;0;0;0;0;1
287;The full results of the research will be released later in 2019  and will include suggestions for how other governments can help workers find inclusive  circular employment ;0;0;0;0;0;0;0;0;0;0;1;1;0;0;0;0;1
288;On the margins of the WCEF  the Asia Europe Environment Forum launched a publication titled   Closing the loop  ASEM s transition towards achieving a circular economy   which is a product of the Asia Europe Meeting  ASEM  research on SDG 12  responsible production and consumption  ;0;0;0;0;0;0;0;0;0;0;1;1;0;0;0;0;1
289;The paper provides a bird s eye view of how ASEM partner countries can approach implementation of SDG 12  including integration of the Goal s targets into national strategies  target setting and translation  and monitoring activities ;0;0;0;0;0;0;0;0;0;0;1;1;0;0;0;0;1
290;Key messages highlight the importance of public procurement practices  the broader role of governments and businesses  and considerations for choosing indicators and metrics against which progress will be measured ;0;0;0;0;0;0;0;0;0;0;1;1;0;0;0;0;1
291;Information on circular economy strategies in partner countries  national development strategies is available in the paper s annex  along with relevant sectoral strategies  and identified targets and indicators that link to SDG 12 ;0;0;0;0;0;0;0;0;0;0;1;1;0;0;0;0;1
292;Information on the launch event is available here ;0;0;0;0;0;0;0;0;0;0;1;1;0;0;0;0;1
293;Also on procurement  the Recycling Council of Ontario hosted the Circular Procurement Summit from 11 13 June 2019  on the theme of advancing the circular economy through public sector purchasing ;0;0;0;0;0;0;0;0;0;0;1;1;0;0;0;0;1
294;A T20 policy brief authored by researchers the Institute for Global Environmental Strategies  IGES  and the University of Tokyo outlines six proposals for Group of 20  G20  countries on policies to mainstream circular economy and society ;0;0;0;0;0;0;0;0;0;0;1;1;0;0;0;0;1
295;The proposals underscore the need to  1  capture the momentum raised by public attention on marine plastic pollution  2  raise the level of ambition of extended producer responsibility  EPR   3  provide policy support for circular economy business models  4  promote regional circulating and ecological spheres to enhance bottom up initiatives at local level  5  enhance international policy coordination and harmonization for circular economy and society  and 6  incorporate planetary boundaries into the indicators of circular economy and society ;0;0;0;0;0;0;0;0;0;0;1;1;0;0;0;0;1
296;For each proposal  the brief provides a rationale and suggested means of implementation ;0;0;0;0;0;0;0;0;0;0;1;1;0;0;0;0;1
297;Chatham House calls on donors to support circulate economy as an industrial development strategy ;0;0;0;0;0;0;0;0;0;0;1;1;0;0;0;0;1
298;The Ministry of Environment of Japan and IGES released a synthesis report following the G7 Alliance on Resource Efficiency  covering both the Toyama Framework on Material Cycles  2016  and the Five year Bologna Roadmap  2017  adopted at G7 Environment Ministers  Meetings ;0;0;0;0;0;0;0;0;0;0;1;1;0;0;0;0;1
299;The report compiles policies and actions that contribute to resource efficiency  circular economy and sustainable materials management  in the areas of plastics  food waste  green public procurement  extension of products  lifecycles  EPR  and industrial symbiosis ;0;0;0;0;0;0;0;0;0;0;1;1;0;0;0;0;1
300;It notes actions that can be taken by the private sector  local governments and cities  and jointly by public private partnerships  PPPs   and internationally through cooperation ;0;0;0;0;0;0;0;0;0;0;1;1;0;0;0;0;1
301;On plastic pollution and recycling practices at national and regional level  a previously released IGES policy brief offers proposals to strengthen Japan s domestic and regional cooperation  particularly in the context of China s restriction on imports of plastic scrap ;0;0;0;0;0;0;0;0;0;0;1;1;0;0;0;0;1
302;The brief reviews trends and issues pertaining to international material recycling routes for plastic scrap exported from Japan ;0;0;0;0;0;0;0;0;0;0;1;1;0;0;0;0;1
303;The brief highlights that recycling routes have shifted from China to Southeast and other East Asian countries  and risks of pollution in these countries have escalated as a result ;0;0;0;0;0;0;0;0;0;0;1;1;0;0;0;0;1
304;The authors recommend that policymakers in Asian countries develop uniform  standardized and transparent trade standards for plastic scrap in the region  and that policymakers in Japan work to ensure accurate data collection to inform and expand domestic plastic scrap processing and recycling within the country ;0;0;0;0;0;0;0;0;0;0;1;1;0;0;0;0;1
305;The dynamics among countries within a region at varying levels of development adds complexity to plastics  recycling  and broader issues of circularity ;0;0;0;0;0;0;0;0;0;0;1;1;0;0;0;0;1
306;A report by Chatham House explores opportunities to coordinate regional trade policies and investment programs to rapidly scale up the circular economy in the developing world ;0;0;0;0;0;0;0;0;0;0;1;1;0;0;0;0;1
307;Among its recommendations  the paper calls on  national governments to identify synergies between a circular economy and existing development plans  rather than develop a separate  circular economy strategy   donors to support circular economy as an industrial development strategy  international institutions and regional fora to engage in knowledge sharing and support  and the EU and China  under the auspices of their MoU  to establish deeper dialogues with developing countries ;0;0;0;0;0;0;0;0;0;0;1;1;0;0;0;0;1
308;A write up of the report is also available on BusinessGreen ;0;0;0;0;0;0;0;0;0;0;1;1;0;0;0;0;1
309;Also focusing on the regional levels  the first Great Lakes Circular Economy Forum is being convened from 25 26 June 2019  in Toronto  Canada  by the UN Environment Programme North America  the City of Toronto  and the Council of the Great Lakes Region ;0;0;0;0;0;0;0;0;0;0;1;1;0;0;0;0;1
310;The forum aims to apply the circular economy to North America s Great Lakes region  highlight the roles of government and business   industry in advancing circular engagement  and address cross cutting themes of equity and social inclusion  the roles of technology and big data  investment challenges and opportunities  and the role of First Nations and indigenous peoples ;0;0;0;0;0;0;0;0;0;0;1;1;0;0;0;0;1
311;At the local;0;0;0;0;0;0;0;0;0;0;1;1;0;0;0;0;1
312;ity level  a report and blog from Circle Economy describe how Prague  Czech Republic can begin its  circular transition   The study  conducted with INCIEN  identifies areas of opportunity to kick start circularity  noting that households  the construction sector and waste management systems offer key starting points ;0;0;0;0;0;0;0;0;0;0;1;1;0;0;0;0;1
313;The report conducts a material flow analysis for each area  and provides an action plan  such as deconstruction criteria for the construction sector and waste biomass to bio based compressed natural gas  CNG  in the utilities sector ;0;0;0;0;0;0;0;0;0;0;1;1;0;0;0;0;1
314;The project and the associated action plans have informed the development of several pilot initiatives in Prague  including the use of biogas ;0;0;0;0;0;0;0;0;0;0;1;1;0;0;0;0;1
315;C40 Cities published a compilation of case studies on municipality led circular economy transitions  in partnership with the Climate KIC Circular Cities Project in December 2018 ;0;0;0;0;0;0;0;0;0;0;1;1;0;0;0;0;1
316;The Ellen MacArthur Foundation released a  Circular Economy in Cities  project guide with Arup in March 2019 ;0;0;0;0;0;0;0;0;0;0;1;1;0;0;0;0;1
317;In the corporate world  a variety of solutions  case studies and innovative examples have gained attention ;0;0;0;0;0;0;0;0;0;0;1;1;0;0;0;0;1
318;These include Unilever s efforts to boost recyclability of its packaging  Dell s development of  pollution ink  that utilizes soot captured from diesel generators  Nike s principles of circular design  summarized on Sustainable Brands here   and a new 3R Initiative launched by Danone  Veolia  Nestl  and Tetra Pak aimed at standardizing and accelerating corporate action on plastics ;0;0;0;0;0;0;0;0;0;0;1;1;0;0;0;0;1
319;For readers interested in hearing more on circular economy from a business perspective  GreenBiz is hosting Circularity 19 from 18 20 June 2019  in Minneapolis  Minnesota  US ;0;0;0;0;0;0;0;0;0;0;1;1;0;0;0;0;1
320;Select sessions and interviews will be livestreamed via Circularity Virtual ;0;0;0;0;0;0;0;0;0;0;1;1;0;0;0;0;1
321;In addition  a GreenBiz Insights report on circular economy trends is available for download  as is a separate  edie explains  guide on achieving circularity ;0;0;0;0;0;0;0;0;0;0;1;1;0;0;0;0;1
322;An IISD video titled   Green Economy   A Sustainable Relationship  presents programmes that the EU has implemented in partnership with the UN Environment Programme  on circular economy and related topics ;0;0;0;0;0;0;0;0;0;0;1;1;0;0;0;0;1
323;Additional issues of the SDG Knowledge Weekly can be found here ;0;0;0;0;0;0;0;0;0;0;1;1;0;0;0;0;1
324;The main climate event of the year  the UN Climate Change Conference  will dominate the sustainable development community s attention from 6 17 November ;0;0;0;0;0;0;0;0;0;0;0;1;1;0;0;0;1
325;This year  more than ever before  the Conference is expected to focus on the interlinkages between climate action and the 2030 Agenda for Sustainable Development ;0;0;0;0;0;0;0;0;0;0;0;1;1;0;0;0;1
326;Presided over by the Government of Fiji  the Conference will advance negotiations on operationalization of the Paris Agreement on climate change  which is expected to be finalized at the 24th session of the Conference of the Parties  COP 24  to the UNFCCC in 2018 ;0;0;0;0;0;0;0;0;0;0;0;1;1;0;0;0;1
327;Progress on the Facilitative Dialogue 2018 has been highlighted by many among top priorities for the COP ;0;0;0;0;0;0;0;0;0;0;0;1;1;0;0;0;1
328;At COP 23  the Marrakech Partnership for Global Climate Action  GCA   an initiative launched by the High Level GCA Champions during COP 22  is anticipated to contribute to implementation of SDG 13  climate action   2  zero hunger  and 11  sustainable cities and communities  through its 2017 2018 work programme ;0;0;0;0;0;0;0;0;0;0;0;1;1;0;0;0;1
329;In addition to agriculture and human settlements  GCA thematic and high level days  taking place from 10 15 November  will convene discussions that will implicitly and explicitly address SDG 13 linkages with energy  SDG 7   water  SDG 6   oceans and coastal zones  SDG 14   transport  SDGs 7 and 11   industry  SDG 9   forests  SDG 15   and health  SDG 3   as well as finance  SDG 17   resilience  SDGs 13 and 15   innovation  SDG 9  and gender  SDG 5  ;0;0;0;0;0;0;0;0;0;0;0;1;1;0;0;0;1
330;Discussions in side events on links between the NDCs and SDG national planning will seek to make the connections between SDG 13 and the other SDGs concrete ;0;0;0;0;0;0;0;0;0;0;0;1;1;0;0;0;1
331;The SDGs  targets and indicators will be in the spotlight in Bahrain  during the sixth meeting of the UN s Inter agency and Expert Group on the SDG Indicators  IAEG SDGs  ;0;0;0;0;0;0;0;0;0;0;0;1;1;0;0;0;1
332;Most of the 17 SDGs will be on the agenda  with the reclassification discussion covering indicators under all goals aside from SDG 13 and 8  decent work and economic growth  ;0;0;0;0;0;0;0;0;0;0;0;1;1;0;0;0;1
333;As we have reported earlier  the IAEG SDGs is considering reclassification of indicators based on the availability of regional and global data  as well as advancements in methodology for a number of indicators currently classified as  Tier III   Of the 29 Tier III indicators  six have been proposed to move to Tier I  conceptually clear  with established methodology and standards available and data regularly produced   while the remaining 23 are proposed to move to Tier II  agreed methodology and are conceptually clear  but lack regularly produced data from countries  ;0;0;0;0;0;0;0;0;0;0;0;1;1;0;0;0;1
334;The indicators are a crucial component for the SDG s accountability mechanism  but as a previous guest article author noted   on average  UNECE member countries are currently able to produce roughly one third of the indicators ;0;0;0;0;0;0;0;0;0;0;0;1;1;0;0;0;1
335;Even developed countries cannot produce more than half of them   Events like the UN World Data Forum series seek to highlight challenges and opportunities to enhance capacity and use of data for the 2030 Agenda  and the recently issued call for proposals to be included in the programme for the second UN World Data Forum will no doubt be the focus for some in the 2030 Agenda community during the coming month ;0;0;0;0;0;0;0;0;0;0;0;1;1;0;0;0;1
336;Likewise  the scientific community has been requested to provide inputs to the Global Sustainable Development Report  GSDR  prior to 1 December 2017 ;0;0;0;0;0;0;0;0;0;0;0;1;1;0;0;0;1
337;A final theme we will be looking for this month is that of the UN Environment Assembly s third session  UNEA 3   Towards a Pollution free Planet ;0;0;0;0;0;0;0;0;0;0;0;1;1;0;0;0;1
338;In the lead up to this meeting  which will convene at the beginning of December  UN Environment Executive Director  Erik Solheim  has just released a report titled   Towards a pollution free planet   which explains how pollution relates to each of the SDGs ;0;0;0;0;0;0;0;0;0;0;0;1;1;0;0;0;1
339;We will help you keep track of these and other discussions where connections and linkages among the SDGs are identified  evaluated and reported  as we strive to enhance engagement in the 2030 Agenda process and  ultimately  accountability to the commitments made for 2030 ;0;0;0;0;0;0;0;0;0;0;0;1;1;0;0;0;1
340;Elena Kosolapova  Faye Leone and Lynn Wagner;0;0;0;0;0;0;0;0;0;0;0;1;1;0;0;0;1
341;The Secretariat of the Pacific Regional Environment Programme  SPREP  has reported on progress in waste management in Pacific island countries made under the Moana Taka Partnership ;0;0;0;0;0;0;0;0;0;0;0;1;0;0;0;0;1
342;Since its launch in March 2018  approximately 686 tonnes of waste have been shipped from eligible Pacific islands and territories for treatment and recycling in suitable ports in the Asia Pacific region ;0;0;0;0;0;0;0;0;0;0;0;1;0;0;0;0;1
343;The Partnership between SPREP and the China Navigation Company  CNCo   also known as SWIRE Shipping  allows for CNCo vessels to carry  free of charge  containers of recyclable waste from eligible ports in Pacific island countries and territories that have insufficient or inappropriate landfill space to store waste  have inadequate waste treatment facilities  and lack financial capacity to ship recyclable waste ;0;0;0;0;0;0;0;0;0;0;0;1;0;0;0;0;1
344;Kosi Latu  Director General of SPREP  has described the Moana Taka Partnership as a  paddle in the right direction  towards tackling the  immense waste management challenge  in Pacific islands ;0;0;0;0;0;0;0;0;0;0;0;1;0;0;0;0;1
345;The focus of the Partnership is on non commercial waste streams and the types of materials that are considered recyclable  including plastics  aluminum cans  waste oil  and ozone depleting substances ;0;0;0;0;0;0;0;0;0;0;0;1;0;0;0;0;1
346;Twenty one Pacific island countries and territories are eligible to participate in the scheme ;0;0;0;0;0;0;0;0;0;0;0;1;0;0;0;0;1
347;Examples of shipments of recyclable waste made thus far include  six containers of scrap metal from Samoa and Papua New Guinea  nine containers of plastic waste from Fiji  three containers of used oil from the Marshall Islands  and 16 containers of varied waste contents from Fiji ;0;0;0;0;0;0;0;0;0;0;0;1;0;0;0;0;1
348;The Partnership contributes to implementation of the Pacific Regional Waste and Pollution Management Strategy 2016 2015   Cleaner Pacific 2025   a  comprehensive long term strategy for integrated sustainable waste management and pollution prevention and control in the Pacific islands region until 2025   Priority areas for management outlined in the Strategy include municipal solid waste  asbestos  electrical and electronic waste  e waste   healthcare waste  chemicals  such as persistent organic pollutants  POPs   ozone depleting substances  and mercury   used oil and lubricants  marine litter  ship sourced pollution  disaster waste  and liquid waste  such as sewage and trade waste  ;0;0;0;0;0;0;0;0;0;0;0;1;0;0;0;0;1
349;As such  the initiative forms an important contribution towards achieving SDG 12  responsible consumption and production  and Article 10  Disposal of Waste  of the Noumea Convention for the Protection of the Natural Resources and Environment of the South Pacific Region and Related Protocols  ;0;0;0;0;0;0;0;0;0;0;0;1;0;0;0;0;1
352;This story was made possible with funding support from the Government of Sweden through the UN Environment Programme  UNEP  and was developed with the Secretariat of the Pacific Regional Environment Programme  SPREP  using the Pacific Environment Portal  which enables users to find  access  and use regional and national data ;0;0;0;0;0;0;0;0;0;0;0;1;0;0;0;0;1
353;The portal has been developed by the regional UNEP GEF Inform project executed by SPREP  which has established national environment data portals in 14 Pacific island countries to help address the challenges of storing and accessing data ;0;0;0;0;0;0;0;0;0;0;0;1;0;0;0;0;1
354;The online database of information and datasets aims to help improve decision making and reporting on the environment  ;0;0;0;0;0;0;0;0;0;0;0;1;0;0;0;0;1
